{
  "attempt_number": 1,
  "case_id": "S_L45_M325",
  "finished_unix": 1784488273.0430117,
  "gate_pass": true,
  "no_retry_performed": true,
  "started_unix": 1784487753.5786226,
  "state": "complete",
  "wall_clock_s": 519.4643890857697
}
