{
  "attempt_number": 1,
  "case_id": "S_L45_M200",
  "finished_unix": 1784486023.9530745,
  "gate_pass": true,
  "no_retry_performed": true,
  "started_unix": 1784485485.3225052,
  "state": "complete",
  "wall_clock_s": 538.6305692195892
}
