{
  "attempt_number": 1,
  "case_id": "R0",
  "finished_unix": 1784487308.7837987,
  "gate_pass": true,
  "no_retry_performed": true,
  "started_unix": 1784487116.8476076,
  "state": "complete",
  "wall_clock_s": 191.93619108200073
}
