{
  "attempt_number": 1,
  "case_id": "S_L425_M325",
  "finished_unix": 1784488942.203175,
  "gate_pass": true,
  "no_retry_performed": true,
  "started_unix": 1784488406.4944816,
  "state": "complete",
  "wall_clock_s": 535.7086935043335
}
