{
  "attempt_number": 1,
  "case_id": "S_L375_M325",
  "finished_unix": 1784488268.5327444,
  "gate_pass": true,
  "no_retry_performed": true,
  "started_unix": 1784487753.5783443,
  "state": "complete",
  "wall_clock_s": 514.954400062561
}
