{
  "attempt_number": 1,
  "case_id": "RA",
  "finished_unix": 1784487648.902674,
  "gate_pass": true,
  "no_retry_performed": true,
  "started_unix": 1784487116.8681207,
  "state": "complete",
  "wall_clock_s": 532.0345532894135
}
