{
  "attempt_number": 1,
  "case_id": "S_L35_M325",
  "finished_unix": 1784487653.0601466,
  "gate_pass": true,
  "no_retry_performed": true,
  "started_unix": 1784487116.8682187,
  "state": "complete",
  "wall_clock_s": 536.1919279098511
}
